,distribution,min,max,avg,var,std,q25,q75,rng,med,assim,krt
0,Нормальное,-3.030959620528033,4.115978676876204,-0.027984822764157053,0.9857384582269514,0.9928436222421693,-0.7456759723497016,0.6801269948255564,7.146938297404237,-0.02532805943979331,0.11114120035027614,-0.046961001868503605
